<?xml version="1.0" encoding="UTF-8"?>
<!DOCTYPE mapper PUBLIC "-//mybatis.org//DTD Mapper 3.0//EN" "http://mybatis.org/dtd/mybatis-3-mapper.dtd">
<mapper namespace="region">
	<select id="list" resultType="Region">
		SELECT * FROM region
	</select>
	<delete id="delete">
		DELETE FROM region WHERE num=#{num}
	</delete>
	<insert id="add">
		INSERT INTO region (name, info , region_img)
		VALUES (#{name}, #{info}, #{regionImg})
	</insert>
	<update id="update">
		UPDATE region SET name=#{name}, info=#{info}
		WHERE num=#{num}
	</update>
	<select id="item" resultType="Region">
		SELECT * FROM region WHERE num=#{num}
	</select>
</mapper>