<?xml version="1.0" encoding="UTF-8"?>
<!DOCTYPE configuration PUBLIC "-//mybatis.org//DTD Config 3.0//EN" "http://mybatis.org/dtd/mybatis-3-config.dtd">
<configuration>

	<settings>
		<setting name="mapUnderscoreToCamelCase" value="true" />
	</settings>

	<typeAliases>
		<typeAlias type="kr.ac.kopo.jsforum.model.Champ" alias="Champ" />
		<typeAlias type="kr.ac.kopo.jsforum.model.Region" alias="Region" /><!-- 클래스위치를알려주는놈 -->
		<typeAlias type="kr.ac.kopo.jsforum.model.Free" alias="Free" />
		<typeAlias type="kr.ac.kopo.jsforum.model.User" alias="User" />
	</typeAliases>

	<mappers>
		<mapper resource="mybatis/champ.xml" />
		<mapper resource="mybatis/region.xml" /> <!-- 쿼리문 위치 알려주는놈 -->
		<mapper resource="mybatis/free.xml" />
		<mapper resource="mybatis/user.xml" />
	</mappers>



</configuration>


