<?xml version="1.0" encoding="UTF-8"?>
<beans:beans xmlns="http://www.springframework.org/schema/mvc"
	xmlns:xsi="http://www.w3.org/2001/XMLSchema-instance"
	xmlns:beans="http://www.springframework.org/schema/beans"
	xmlns:context="http://www.springframework.org/schema/context"
	xmlns:tx="http://www.springframework.org/schema/tx"
	xsi:schemaLocation="http://www.springframework.org/schema/mvc https://www.springframework.org/schema/mvc/spring-mvc.xsd
		http://www.springframework.org/schema/beans https://www.springframework.org/schema/beans/spring-beans.xsd
		http://www.springframework.org/schema/context https://www.springframework.org/schema/context/spring-context.xsd
		http://www.springframework.org/schema/tx http://www.springframework.org/schema/tx/spring-tx-4.3.xsd">

	<!-- DispatcherServlet Context: defines this servlet's request-processing infrastructure -->
	
	<!-- Enables the Spring MVC @Controller programming model -->
	<annotation-driven />

	<!-- Handles HTTP GET requests for /resources/** by efficiently serving up static resources in the ${webappRoot}/resources directory -->
	<resources mapping="/resources/**" location="/resources/" />
	<resources location="resources/image/" mapping="/image/**"></resources>

	<!-- Resolves views selected for rendering by @Controllers to .jsp resources in the /WEB-INF/views directory -->
	<beans:bean class="org.springframework.web.servlet.view.InternalResourceViewResolver">
		<beans:property name="prefix" value="/WEB-INF/views/" />
		<beans:property name="suffix" value=".jsp" />
	</beans:bean>

	<!-- fileupload -->
	<beans:bean id="multipartResolver" class="org.springframework.web.multipart.commons.CommonsMultipartResolver">
		<beans:property name="maxUploadSize" value="10485760"></beans:property>
	</beans:bean>


	<context:component-scan base-package="kr.ac.kopo" />
	
	<tx:annotation-driven/>

	<interceptors>
		<interceptor>
			<mapping path="/free/**"/>
			<mapping path="/region/**"/>
			<mapping path="/champ/**"/>

			<exclude-mapping path="/free/list"/>
			<exclude-mapping path="/free/detail/**"/>
			<exclude-mapping path="/region/list"/>
			<exclude-mapping path="/region/detail/**"/>
			<exclude-mapping path="/champ/list"/>
			<exclude-mapping path="/champ/detail/**"/>

			<beans:bean class="kr.ac.kopo.jsforum.interceptor.UserInterceptor"></beans:bean>
		</interceptor>
	</interceptors>


	
</beans:beans>
